player_name,team_name,Role,Attack score,Defense score,price,defensive_rank,offensive_rank
Visvanth V,Gujarat Giants,Left Raider,51,16,20.0,73,53
Shubham Kumar,Gujarat Giants,Left Cover,0,23,10.0,61,138
Shridhar Ananda Kadam,Gujarat Giants,Right Raider,50,9,10.0,92,55
Harish Kamatchi,Gujarat Giants,Left Raider,39,4,10.0,114,69
Aryavardhan Navale,Gujarat Giants,Right Raider,46,9,10.0,93,62
Ankit Jai Bhagwan Dahiya,Gujarat Giants,Right Raider,48,53,20.0,31,59
Rohit Surender Nandal,Gujarat Giants,Left Cover,0,10,10.0,88,151
Nitin Panwar,Gujarat Giants,Right Cover,9,53,30.0,34,111
Lucky Sharma,Gujarat Giants,Right Corner,18,67,30.0,22,87
Himanshu Jaglan,Gujarat Giants,Right Raider,11,38,10.0,44,102
Himanshu Virender Singh,Gujarat Giants,Right Raider,97,9,30.0,91,20
Rakesh Sungroya,Gujarat Giants,Right Raider,118,1,50.0,130,15
Parteek Dahiya,Gujarat Giants,Right Raider,49,2,10.0,126,58
Mohammadreza Shadloui Chiyaneh,Gujarat Giants,Left Corner,57,66,50.0,23,44
Pawan Kumar Sehrawat,Tamil Thalaivas,Right Raider,64,0,20.0,141,35
Suresh Jadhav,Tamil Thalaivas,Right Corner,13,32,20.0,51,96
Arul Nantha Babu Velusamy,Tamil Thalaivas,Right Corner,27,25,20.0,58,81
Yogesh Yadav,Tamil Thalaivas,Right Raider,37,2,10.0,129,72
Rohit Gopal Lal Beniwal,Tamil Thalaivas,Left Raider,55,2,10.0,122,48
Abhiraj Manoj Pawar,Tamil Thalaivas,Right Raider,34,0,10.0,156,75
Sagar Rathee,Tamil Thalaivas,Right Corner,12,28,20.0,56,97
Ronak ,Tamil Thalaivas,Right Cover,24,53,30.0,32,82
Himanshu ,Tamil Thalaivas,Left Corner,38,31,20.0,53,70
Aashish Umed,Tamil Thalaivas,Left Cover,17,48,20.0,38,90
Moein Shafaghi,Tamil Thalaivas,Left Raider,56,0,10.0,147,47
Nitesh Kumar,Tamil Thalaivas,Left Corner,10,118,75.0,3,104
Narender Hoshiyar Kandola,Tamil Thalaivas,Left Raider,62,20,20.0,66,37
Arjun Deshwal,Tamil Thalaivas,Right Raider,157,0,100.0,133,4
Shivam Chaudhary,Up Yoddhas,Left Raider,69,0,20.0,140,32
Guman Singh,Up Yoddhas,Left Raider,101,0,30.0,136,18
Jayesh Vikas Mahajan,Up Yoddhas,Left Corner,12,7,10.0,100,99
Keshav Bal Krishan Kumar,Up Yoddhas,Right Raider,29,5,10.0,110,80
Gagan Raju Gowda,Up Yoddhas,Right Raider,123,4,75.0,112,12
Mahender Singh,Up Yoddhas,Left Cover,10,36,20.0,46,109
Sahul Kumar,Up Yoddhas,Right Corner,0,6,10.0,105,158
Surender Gill,Up Yoddhas,Right Raider,53,2,10.0,124,51
Bhavani Rajput,Up Yoddhas,Right Raider,96,3,30.0,117,21
Hitesh ,Up Yoddhas,Right Corner,10,84,50.0,14,106
Ashu Singh,Up Yoddhas,Right Cover,10,56,30.0,28,107
Sumit Sangwan,Up Yoddhas,Left Corner,10,85,50.0,12,105
Sahil Manoj Deswal,Jaipur Pink Panthers,Left Cover,0,11,10.0,85,149
Deepanshu Pardeep Khatri,Jaipur Pink Panthers,Right Corner,0,70,30.0,20,122
Aryan Satyawan Kumar,Jaipur Pink Panthers,Left Corner,0,85,50.0,13,118
Ashish Randhir Bambal,Jaipur Pink Panthers,Right Cover,0,31,20.0,54,135
Sahil Satpal,Jaipur Pink Panthers,Right Raider,62,0,20.0,142,39
Parvinder Boora,Jaipur Pink Panthers,Right Raider,42,2,10.0,128,66
Nitin Kumar Dhankhar,Jaipur Pink Panthers,Right Raider,140,0,75.0,134,7
Meetu Mahender Sharma,Jaipur Pink Panthers,Right Raider,44,0,10.0,151,63
Ali Samadi,Jaipur Pink Panthers,Left Raider,117,8,50.0,95,16
Mohit ,Jaipur Pink Panthers,Right Cover,0,15,10.0,75,145
Vinay Virender Redhu,Jaipur Pink Panthers,Left Raider,67,12,20.0,82,33
Ronak Singh Chaudhary,Jaipur Pink Panthers,Right Cover,0,7,10.0,101,156
Reza Mirbagheri,Jaipur Pink Panthers,Left Cover,31,57,30.0,27,78
Nitin Rawal,Jaipur Pink Panthers,Left Corner,0,23,10.0,62,139
Anil ,U Mumba,Left Raider,62,5,20.0,108,38
Vijay Kumar Ajmer Redhu,U Mumba,Left Corner,0,33,20.0,50,134
Ravi Shivraj Bhati,U Mumba,Right Corner,14,14,10.0,76,94
Sandeep Dukhan Kumar,U Mumba,Right Raider,121,2,75.0,121,14
Sathish Kannan Suryan,U Mumba,Right Raider,58,0,10.0,144,43
Lokesh Jaisaram Ghosliya,U Mumba,Left Corner,0,51,20.0,36,127
Rinku Sharma,U Mumba,Right Corner,0,73,30.0,19,121
Amir MD. Zafardanesh,U Mumba,Right Raider,63,39,20.0,43,36
Ajit Ramesh Chouhan,U Mumba,Left Raider,121,7,75.0,99,13
Parvesh Bhainswal,U Mumba,Left Cover,0,56,30.0,29,125
Sunil Kumar,U Mumba,Right Cover,13,92,50.0,8,95
Neeraj Kumar,Haryana Steelers,Right Cover,0,53,30.0,35,126
Mayank Gurnam Saini,Haryana Steelers,Right Raider,57,0,10.0,145,45
Rahul Rakesh Kalirawna Ahri,Haryana Steelers,Left Corner,0,34,20.0,48,133
Ashish Narwal,Haryana Steelers,Right Raider,54,6,10.0,104,49
Hardeep Ranbir,Haryana Steelers,Left Corner,0,35,20.0,47,132
Ghanshyam Roka Magar,Haryana Steelers,Right Raider,50,2,10.0,125,56
Ns.Jayasoorya Nagarajan,Haryana Steelers,Left Raider,38,0,10.0,154,71
Vishal Tate,Haryana Steelers,Right Raider,50,0,10.0,149,57
Sahil Azad Narwal,Haryana Steelers,Left Corner,11,44,20.0,40,101
Shivam Anil Patare,Haryana Steelers,Left Raider,133,16,75.0,72,10
Rahul Sethpal,Haryana Steelers,Right Corner,17,82,50.0,16,89
Vinay ,Haryana Steelers,Right Raider,124,0,75.0,135,11
Jaideep Kuldeep Dahiya,Haryana Steelers,Left Cover,22,123,100.0,2,83
Avi Duhan,Telugu Titans,Right Cover,0,47,20.0,39,129
Ankit ,Telugu Titans,Left Corner,0,87,50.0,11,117
Aman Mukesh,Telugu Titans,Left Corner,0,13,10.0,81,147
Praful Sudam Zaware,Telugu Titans,Left Raider,40,0,10.0,153,68
Chetan Jaybir Sahu,Telugu Titans,Right Raider,61,21,20.0,65,41
Shankar Bhimraj Gadai,Telugu Titans,Right Corner,0,10,10.0,90,153
Manjeet ,Telugu Titans,Right Raider,22,8,10.0,97,84
Sagar Sethpal Rawal,Telugu Titans,Right Cover,0,10,10.0,89,152
Ashish Kaptan Narwal,Telugu Titans,Right Raider,40,0,10.0,152,67
Bharat Hooda,Telugu Titans,Left Raider,162,28,125.0,55,3
Shubham Shashikant Shinde,Telugu Titans,Right Corner,14,81,50.0,17,93
Ajit Pandurang Pawar,Telugu Titans,Left Cover,0,61,30.0,25,124
Vijay Malik,Telugu Titans,Left Raider,134,13,75.0,79,9
Naveen Rawal,Dabang Delhi Kc,Right Raider,46,15,20.0,74,61
Anurag Jai Kanwar,Dabang Delhi Kc,Left Corner,0,25,20.0,60,137
Neeraj Narwal,Dabang Delhi Kc,Left Raider,98,8,30.0,96,19
Fazel Atrachali,Dabang Delhi Kc,Left Corner,19,93,75.0,6,86
Saurabh Nandal,Dabang Delhi Kc,Right Corner,0,93,50.0,7,114
PO Surjeet Singh,Dabang Delhi Kc,Right Cover,10,54,30.0,30,108
Akshit Kuldeep Dhull,Dabang Delhi Kc,Left Raider,84,0,20.0,137,27
Ajinkya Ashok Pawar,Dabang Delhi Kc,Left Raider,87,5,30.0,107,26
Mohit Deswal,Dabang Delhi Kc,Right Raider,50,13,20.0,80,54
Sandeep Deswal,Dabang Delhi Kc,Left Cover,0,49,20.0,37,128
Ashu Malik,Dabang Delhi Kc,Right Raider,140,4,100.0,111,6
Balaji Dhanabal,Patna Pirates,Left Cover,0,4,10.0,115,159
Ashish Jagat Birwal,Patna Pirates,Left Corner,0,11,10.0,86,150
Vaibhav Bhausaheb Garje,Patna Pirates,Right Cover,0,12,10.0,83,148
Milan Mahak Singh Dahiya,Patna Pirates,Right Raider,61,21,20.0,64,40
Mandeep Tula Ram Kumar,Patna Pirates,Right Raider,53,0,10.0,148,52
Ankit Bijay Kumar Rana,Patna Pirates,Left Raider,93,1,30.0,131,24
Sanket Suresh Sawant,Patna Pirates,Left Cover,0,9,10.0,94,154
Sudhakar Maruthamuthu,Patna Pirates,Left Raider,60,0,10.0,143,42
Navdeep ,Patna Pirates,Right Corner,0,126,75.0,1,112
Deepak Singh,Patna Pirates,Right Cover,9,53,30.0,33,110
Maninder Singh,Patna Pirates,Right Raider,77,0,20.0,139,30
Ayan Lohchab,Patna Pirates,Left Raider,189,13,125.0,78,1
Ankit Jaglan,Patna Pirates,Left Corner,0,83,50.0,15,119
Jitender Yadav,Bengaluru Bulls,Left Corner,12,17,10.0,71,98
Alireza Mirzaian,Bengaluru Bulls,Right Raider,152,5,100.0,106,5
Ahmad Reza Asgari,Bengaluru Bulls,Right Raider,35,5,10.0,109,73
Satyappa Matti,Bengaluru Bulls,Left Cover,0,40,20.0,42,131
Manish Dhull,Bengaluru Bulls,Right Cover,0,7,10.0,102,157
Deepak Sankar,Bengaluru Bulls,Left Corner,0,115,75.0,4,113
Shubham Bitake,Bengaluru Bulls,Right Raider,33,0,10.0,158,77
Ganesha B Hanamantagol,Bengaluru Bulls,Right Raider,64,3,20.0,119,34
Aashish Malik,Bengaluru Bulls,Right Raider,95,10,30.0,87,22
Yogesh Bijender Dahiya,Bengaluru Bulls,Right Corner,0,89,50.0,10,116
Sanjay Krishan Dhull,Bengaluru Bulls,Right Cover,11,68,30.0,21,100
Pankaj ,Bengaluru Bulls,Right Raider,33,0,10.0,157,76
Akash Santosh Shinde,Bengaluru Bulls,Left Raider,87,11,30.0,84,25
Ankush Rathee,Bengaluru Bulls,Left Corner,0,18,10.0,70,144
Shivansh Prem Singh Thakur,Bengal Warriorz,Right Cover,0,8,10.0,98,155
Sandeep Azad Saini,Bengal Warriorz,Right Corner,0,14,10.0,77,146
Ashish Sahdev Malik,Bengal Warriorz,Left Corner,0,90,50.0,9,115
Ankit ,Bengal Warriorz,Right Corner,0,43,20.0,41,130
Phool Chandra Aman Singh,Bengal Warriorz,Right Cover,0,22,10.0,63,140
Punit Nasib Kumar,Bengal Warriorz,Left Raider,43,2,10.0,127,64
Manprit Pardeep,Bengal Warriorz,Left Raider,75,1,20.0,132,31
Himanshu Surajmal Narwal,Bengal Warriorz,Left Raider,93,3,30.0,118,23
Parteek ,Bengal Warriorz,Right Corner,11,32,20.0,52,103
Manjeet Sanjay Mitra Choudary,Bengal Warriorz,Left Cover,20,36,20.0,45,85
Sushil Motesh Kambrekar,Bengal Warriorz,Right Raider,31,0,10.0,159,79
Vishwas S,Bengal Warriorz,Right Raider,80,0,20.0,138,28
Nitesh Kumar,Bengal Warriorz,Right Corner,0,25,20.0,59,136
Devank Dalal,Bengal Warriorz,Right Raider,181,2,125.0,120,2
Gurdeep ,Puneri Paltan,Left Cover,0,74,30.0,18,120
Vaibhav Satappa Rabade,Puneri Paltan,Left Cover,18,26,20.0,57,88
Rakesh Rajesh,Puneri Paltan,Left Corner,0,19,10.0,68,142
Milad Mohajer,Puneri Paltan,Right Raider,34,0,10.0,155,74
Abhishek Tukaram Gunge,Puneri Paltan,Right Raider,48,0,10.0,150,60
Stuwart Surender Singh,Puneri Paltan,Right Raider,57,0,10.0,146,46
Vishal Bhardwaj,Puneri Paltan,Left Corner,0,63,30.0,24,123
Aditya Tushar Shinde,Puneri Paltan,Left Raider,139,6,100.0,103,8
Dadaso Shivaji Pujari,Puneri Paltan,Right Corner,0,19,10.0,67,141
Mohd Amaan,Puneri Paltan,Left Corner,0,19,10.0,69,143
Abinesh Nadarajan,Puneri Paltan,Right Cover,16,58,30.0,26,92
Mohit Goyat,Puneri Paltan,Right Raider,42,4,10.0,113,65
Sachin Tanwar,Puneri Paltan,Right Raider,54,2,10.0,123,50
Gaurav Khatri,Puneri Paltan,Right Corner,16,113,75.0,5,91
Pankaj Deepak Mohite,Puneri Paltan,Right Raider,115,3,50.0,116,17
Aslam Inamdar,Puneri Paltan,Left Raider,78,33,20.0,49,29
